CustomerID,Name,Contact,Email
1,Sterne Salterne,12345670001,sterne_salterne@gmail.com
2,Mady McMennum,12345670002,mady_mcmennum@gmail.com
3,Merwin Pikhno,12345670003,merwin_pikhno@gmail.com
4,Aime Ferry,12345670004,aime_ferry@gmail.com
5,Merlina Lermit,12345670005,merlina_lermit@gmail.com
6,Schuyler Walewski,12345670006,schuyler_walewski@gmail.com
7,Ariadne Copeland,12345670007,ariadne_copeland@gmail.com
8,Tamma Clink,12345670008,tamma_clink@gmail.com
9,Susette O'Neil,12345670009,susette_o'neil@gmail.com
10,Aldrich Phythien,12345670010,aldrich_phythien@gmail.com
11,Dusty Yedall,12345670011,dusty_yedall@gmail.com
12,Roanna Safont,12345670012,roanna_safont@gmail.com
13,Richie Brydson,12345670013,richie_brydson@gmail.com
14,Alfreda Chasmer,12345670014,alfreda_chasmer@gmail.com
15,Renato Paulin,12345670015,renato_paulin@gmail.com
16,Janeva Silman,12345670016,janeva_silman@gmail.com
17,Wenona MacGinlay,12345670017,wenona_macginlay@gmail.com
18,Karissa Sancraft,12345670018,karissa_sancraft@gmail.com
19,Vale Norwood,12345670019,vale_norwood@gmail.com
20,Lance Cheatle,12345670020,lance_cheatle@gmail.com
21,Sherye Christmas,12345670021,sherye_christmas@gmail.com
22,Lorne Boldry,12345670022,lorne_boldry@gmail.com
23,Yardley Eliet,12345670023,yardley_eliet@gmail.com
24,Doreen Sothcott,12345670024,doreen_sothcott@gmail.com
25,Petronille Scrimgeour,12345670025,petronille_scrimgeour@gmail.com
26,Faith Grushin,12345670026,faith_grushin@gmail.com
27,Hyacintha Hanne,12345670027,hyacintha_hanne@gmail.com
28,Donni Tatem,12345670028,donni_tatem@gmail.com
29,Mary Jellett,12345670029,mary_jellett@gmail.com
30,Melodee Gartshore,12345670030,melodee_gartshore@gmail.com
31,Sheela Stein,12345670031,sheela_stein@gmail.com
32,Sterne Salterne,12345670032,sterne_salterne@gmail.com
33,Mady McMennum,12345670033,mady_mcmennum@gmail.com
34,Merwin Pikhno,12345670034,merwin_pikhno@gmail.com
35,Aime Ferry,12345670035,aime_ferry@gmail.com
36,Merlina Lermit,12345670036,merlina_lermit@gmail.com
37,Schuyler Walewski,12345670037,schuyler_walewski@gmail.com
38,Ariadne Copeland,12345670038,ariadne_copeland@gmail.com
39,Tamma Clink,12345670039,tamma_clink@gmail.com
40,Susette O'Neil,12345670040,susette_o'neil@gmail.com
41,Aldrich Phythien,12345670041,aldrich_phythien@gmail.com
42,Dusty Yedall,12345670042,dusty_yedall@gmail.com
43,Roanna Safont,12345670043,roanna_safont@gmail.com
44,Richie Brydson,12345670044,richie_brydson@gmail.com
45,Alfreda Chasmer,12345670045,alfreda_chasmer@gmail.com
46,Renato Paulin,12345670046,renato_paulin@gmail.com
47,Janeva Silman,12345670047,janeva_silman@gmail.com
48,Wenona MacGinlay,12345670048,wenona_macginlay@gmail.com
49,Karissa Sancraft,12345670049,karissa_sancraft@gmail.com
50,Vale Norwood,12345670050,vale_norwood@gmail.com
51,Lance Cheatle,12345670051,lance_cheatle@gmail.com
52,Sherye Christmas,12345670052,sherye_christmas@gmail.com
53,Lorne Boldry,12345670053,lorne_boldry@gmail.com
54,Yardley Eliet,12345670054,yardley_eliet@gmail.com
55,Doreen Sothcott,12345670055,doreen_sothcott@gmail.com
56,Petronille Scrimgeour,12345670056,petronille_scrimgeour@gmail.com
57,Faith Grushin,12345670057,faith_grushin@gmail.com
58,Hyacintha Hanne,12345670058,hyacintha_hanne@gmail.com
59,Donni Tatem,12345670059,donni_tatem@gmail.com
60,Mary Jellett,12345670060,mary_jellett@gmail.com
61,Melodee Gartshore,12345670061,melodee_gartshore@gmail.com
62,Sheela Stein,12345670062,sheela_stein@gmail.com
63,Sterne Salterne,12345670063,sterne_salterne@gmail.com
64,Mady McMennum,12345670064,mady_mcmennum@gmail.com
65,Merwin Pikhno,12345670065,merwin_pikhno@gmail.com
66,Aime Ferry,12345670066,aime_ferry@gmail.com
67,Merlina Lermit,12345670067,merlina_lermit@gmail.com
68,Schuyler Walewski,12345670068,schuyler_walewski@gmail.com
69,Ariadne Copeland,12345670069,ariadne_copeland@gmail.com
70,Tamma Clink,12345670070,tamma_clink@gmail.com
71,Susette O'Neil,12345670071,susette_o'neil@gmail.com
72,Aldrich Phythien,12345670072,aldrich_phythien@gmail.com
73,Dusty Yedall,12345670073,dusty_yedall@gmail.com
74,Roanna Safont,12345670074,roanna_safont@gmail.com
75,Richie Brydson,12345670075,richie_brydson@gmail.com
76,Alfreda Chasmer,12345670076,alfreda_chasmer@gmail.com
77,Renato Paulin,12345670077,renato_paulin@gmail.com
78,Janeva Silman,12345670078,janeva_silman@gmail.com
79,Wenona MacGinlay,12345670079,wenona_macginlay@gmail.com
80,Karissa Sancraft,12345670080,karissa_sancraft@gmail.com
81,Vale Norwood,12345670081,vale_norwood@gmail.com
82,Lance Cheatle,12345670082,lance_cheatle@gmail.com
83,Sherye Christmas,12345670083,sherye_christmas@gmail.com
84,Lorne Boldry,12345670084,lorne_boldry@gmail.com
85,Yardley Eliet,12345670085,yardley_eliet@gmail.com
86,Doreen Sothcott,12345670086,doreen_sothcott@gmail.com
87,Petronille Scrimgeour,12345670087,petronille_scrimgeour@gmail.com
88,Faith Grushin,12345670088,faith_grushin@gmail.com
89,Hyacintha Hanne,12345670089,hyacintha_hanne@gmail.com
90,Donni Tatem,12345670090,donni_tatem@gmail.com
91,Mary Jellett,12345670091,mary_jellett@gmail.com
92,Melodee Gartshore,12345670092,melodee_gartshore@gmail.com
93,Sheela Stein,12345670093,sheela_stein@gmail.com
94,Sterne Salterne,12345670094,sterne_salterne@gmail.com
95,Mady McMennum,12345670095,mady_mcmennum@gmail.com
96,Merwin Pikhno,12345670096,merwin_pikhno@gmail.com
97,Aime Ferry,12345670097,aime_ferry@gmail.com
98,Merlina Lermit,12345670098,merlina_lermit@gmail.com
99,Schuyler Walewski,12345670099,schuyler_walewski@gmail.com
100,Ariadne Copeland,12345670100,ariadne_copeland@gmail.com
