MenuItemID,Course Name,Starter Name,Desert Name,Drink
1,Greek salad,Falafel,Greek yoghurt,Athens White wine
2,Greek salad,Olives,Greek yoghurt,Athens White wine
3,Kabasa,Falafel,Turkish yoghurt,Ankara White Wine
4,Kabasa,Flatbread,Turkish yoghurt,Ankara White Wine
5,Kabasa,Minestrone,Turkish yoghurt,Ankara White Wine
6,Kabasa,Tomato bread,Turkish yoghurt,Ankara White Wine
7,Pizza,Flatbread,Cheesecake,Italian Coffee
8,Pizza,Hummus,Cheesecake,Italian Coffee
9,Bean soup,Flatbread,Ice cream,Corfu Red Wine
10,Bean soup,Olives,Ice cream,Corfu Red Wine
11,Carbonara,Minestrone,Affogato,Roma Red wine
12,Carbonara,Tomato bread,Affogato,Roma Red wine
13,Kabasa,Hummus,Turkish yoghurt,Ankara White Wine
14,Kabasa,Tomato bread,Turkish yoghurt,Ankara White Wine
15,Pizza,Falafel,Cheesecake,Italian Coffee
16,Pizza,Flatbread,Cheesecake,Italian Coffee
17,Pizza,Minestrone,Cheesecake,Italian Coffee
18,Shwarma,Tomato bread,Baklava,Turkish Coffee
19,Bean soup,Hummus,Ice cream,Corfu Red Wine
20,Bean soup,Minestrone,Ice cream,Corfu Red Wine
21,Bean soup,Olives,Ice cream,Corfu Red Wine
22,Bean soup,Tomato bread,Ice cream,Corfu Red Wine
23,Carbonara,Hummus,Affogato,Roma Red wine
24,Carbonara,Tomato bread,Affogato,Roma Red wine
25,Shwarma,Hummus,Baklava,Turkish Coffee
