MenuID,MenuItemID,Menu Name,MenuItemID
1,1,Greek salad 1,Greek
2,2,Greek salad 2,Greek
3,3,Greek Kabasa 1,Greek
4,4,Greek Kabasa 2,Greek
5,5,Greek Kabasa 3,Greek
6,6,Greek Kabasa 4,Greek
7,7,Greek Kabasa 5,Greek
8,8,Greek Kabasa 6,Greek
9,9,Italian Bean soup 1,Italian
10,10,Italian Bean soup 2,Italian
11,11,Italian Carbonara 3,Italian
12,12,Italian Carbonara 4,Italian
13,13,Italian Kabasa 5,Italian
14,14,Italian Kabasa 6,Italian
15,15,Italian Pizza 7,Italian
16,16,Italian Pizza 8,Italian
17,17,Italian Pizza 9,Italian
18,18,Italian Shwarma,Italian
19,19,Turkish Bean soup 1,Turkish
20,20,Turkish Bean soup 2,Turkish
21,21,Turkish Bean soup 3,Turkish
22,22,Turkish Bean soup 4,Turkish
23,23,Turkish Carbonara 1,Turkish
24,24,Turkish Carbonara 2,Turkish
25,25,Turkish Shwarma,Turkish
