StaffID,Name,Role,AnnualSalary
1002,Murphy Diane,Sales Manager,65000
1056,Patterson Mary,Sales Rep,50000
1076,Firrelli Jeff,Sales Rep,45000
1088,Patterson William,Chef,60000
1102,Bondur Gerard,Chef,55000
1143,Bow Anthony,Chef,50000
1165,Jennings Leslie,Waiter,30000
1166,Thompson Leslie,Waiter,30000
1188,Firrelli Julie,Waiter,30000
1216,Patterson Steve,Waiter,30000
1286,Tseng Foon Yue,Waiter,30000
1323,Vanauf George,Waiter,30000
1337,Bondur Loui,Waiter,30000
1370,Hernandez Gerard,Waiter,30000
1401,Castillo Pamela,Waiter,30000
1501,Bott Larry,Waiter,30000
1504,Jones Barry,Waiter,30000
1611,Fixter Andy,Waiter,30000
1612,Marsh Peter,Waiter,30000
1619,King Tom,Waiter,30000
1621,Nishi Mami,Waiter,30000
1625,Kato Yoshimi,Waiter,30000
1702,Gerard Martin,Waiter,30000
